[{"model": "auth.permission", "pk": 1, "fields": {"name": "Can add log entry", "content_type": 1, "codename": "add_logentry"}}, {"model": "auth.permission", "pk": 2, "fields": {"name": "Can change log entry", "content_type": 1, "codename": "change_logentry"}}, {"model": "auth.permission", "pk": 3, "fields": {"name": "Can delete log entry", "content_type": 1, "codename": "delete_logentry"}}, {"model": "auth.permission", "pk": 4, "fields": {"name": "Can view log entry", "content_type": 1, "codename": "view_logentry"}}, {"model": "auth.permission", "pk": 5, "fields": {"name": "Can add permission", "content_type": 2, "codename": "add_permission"}}, {"model": "auth.permission", "pk": 6, "fields": {"name": "Can change permission", "content_type": 2, "codename": "change_permission"}}, {"model": "auth.permission", "pk": 7, "fields": {"name": "Can delete permission", "content_type": 2, "codename": "delete_permission"}}, {"model": "auth.permission", "pk": 8, "fields": {"name": "Can view permission", "content_type": 2, "codename": "view_permission"}}, {"model": "auth.permission", "pk": 9, "fields": {"name": "Can add group", "content_type": 3, "codename": "add_group"}}, {"model": "auth.permission", "pk": 10, "fields": {"name": "Can change group", "content_type": 3, "codename": "change_group"}}, {"model": "auth.permission", "pk": 11, "fields": {"name": "Can delete group", "content_type": 3, "codename": "delete_group"}}, {"model": "auth.permission", "pk": 12, "fields": {"name": "Can view group", "content_type": 3, "codename": "view_group"}}, {"model": "auth.permission", "pk": 13, "fields": {"name": "Can add user", "content_type": 4, "codename": "add_user"}}, {"model": "auth.permission", "pk": 14, "fields": {"name": "Can change user", "content_type": 4, "codename": "change_user"}}, {"model": "auth.permission", "pk": 15, "fields": {"name": "Can delete user", "content_type": 4, "codename": "delete_user"}}, {"model": "auth.permission", "pk": 16, "fields": {"name": "Can view user", "content_type": 4, "codename": "view_user"}}, {"model": "auth.permission", "pk": 17, "fields": {"name": "Can add application", "content_type": 5, "codename": "add_application"}}, {"model": "auth.permission", "pk": 18, "fields": {"name": "Can change application", "content_type": 5, "codename": "change_application"}}, {"model": "auth.permission", "pk": 19, "fields": {"name": "Can delete application", "content_type": 5, "codename": "delete_application"}}, {"model": "auth.permission", "pk": 20, "fields": {"name": "Can view application", "content_type": 5, "codename": "view_application"}}, {"model": "auth.permission", "pk": 21, "fields": {"name": "Can add access token", "content_type": 6, "codename": "add_accesstoken"}}, {"model": "auth.permission", "pk": 22, "fields": {"name": "Can change access token", "content_type": 6, "codename": "change_accesstoken"}}, {"model": "auth.permission", "pk": 23, "fields": {"name": "Can delete access token", "content_type": 6, "codename": "delete_accesstoken"}}, {"model": "auth.permission", "pk": 24, "fields": {"name": "Can view access token", "content_type": 6, "codename": "view_accesstoken"}}, {"model": "auth.permission", "pk": 25, "fields": {"name": "Can add grant", "content_type": 7, "codename": "add_grant"}}, {"model": "auth.permission", "pk": 26, "fields": {"name": "Can change grant", "content_type": 7, "codename": "change_grant"}}, {"model": "auth.permission", "pk": 27, "fields": {"name": "Can delete grant", "content_type": 7, "codename": "delete_grant"}}, {"model": "auth.permission", "pk": 28, "fields": {"name": "Can view grant", "content_type": 7, "codename": "view_grant"}}, {"model": "auth.permission", "pk": 29, "fields": {"name": "Can add refresh token", "content_type": 8, "codename": "add_refreshtoken"}}, {"model": "auth.permission", "pk": 30, "fields": {"name": "Can change refresh token", "content_type": 8, "codename": "change_refreshtoken"}}, {"model": "auth.permission", "pk": 31, "fields": {"name": "Can delete refresh token", "content_type": 8, "codename": "delete_refreshtoken"}}, {"model": "auth.permission", "pk": 32, "fields": {"name": "Can view refresh token", "content_type": 8, "codename": "view_refreshtoken"}}, {"model": "auth.permission", "pk": 33, "fields": {"name": "Can add id token", "content_type": 9, "codename": "add_idtoken"}}, {"model": "auth.permission", "pk": 34, "fields": {"name": "Can change id token", "content_type": 9, "codename": "change_idtoken"}}, {"model": "auth.permission", "pk": 35, "fields": {"name": "Can delete id token", "content_type": 9, "codename": "delete_idtoken"}}, {"model": "auth.permission", "pk": 36, "fields": {"name": "Can view id token", "content_type": 9, "codename": "view_idtoken"}}, {"model": "auth.permission", "pk": 37, "fields": {"name": "Can add content type", "content_type": 10, "codename": "add_contenttype"}}, {"model": "auth.permission", "pk": 38, "fields": {"name": "Can change content type", "content_type": 10, "codename": "change_contenttype"}}, {"model": "auth.permission", "pk": 39, "fields": {"name": "Can delete content type", "content_type": 10, "codename": "delete_contenttype"}}, {"model": "auth.permission", "pk": 40, "fields": {"name": "Can view content type", "content_type": 10, "codename": "view_contenttype"}}, {"model": "auth.permission", "pk": 41, "fields": {"name": "Can add session", "content_type": 11, "codename": "add_session"}}, {"model": "auth.permission", "pk": 42, "fields": {"name": "Can change session", "content_type": 11, "codename": "change_session"}}, {"model": "auth.permission", "pk": 43, "fields": {"name": "Can delete session", "content_type": 11, "codename": "delete_session"}}, {"model": "auth.permission", "pk": 44, "fields": {"name": "Can view session", "content_type": 11, "codename": "view_session"}}, {"model": "auth.permission", "pk": 45, "fields": {"name": "Can add Token", "content_type": 12, "codename": "add_token"}}, {"model": "auth.permission", "pk": 46, "fields": {"name": "Can change Token", "content_type": 12, "codename": "change_token"}}, {"model": "auth.permission", "pk": 47, "fields": {"name": "Can delete Token", "content_type": 12, "codename": "delete_token"}}, {"model": "auth.permission", "pk": 48, "fields": {"name": "Can view Token", "content_type": 12, "codename": "view_token"}}, {"model": "auth.permission", "pk": 49, "fields": {"name": "Can add token", "content_type": 13, "codename": "add_tokenproxy"}}, {"model": "auth.permission", "pk": 50, "fields": {"name": "Can change token", "content_type": 13, "codename": "change_tokenproxy"}}, {"model": "auth.permission", "pk": 51, "fields": {"name": "Can delete token", "content_type": 13, "codename": "delete_tokenproxy"}}, {"model": "auth.permission", "pk": 52, "fields": {"name": "Can view token", "content_type": 13, "codename": "view_tokenproxy"}}, {"model": "auth.permission", "pk": 53, "fields": {"name": "Can add company", "content_type": 14, "codename": "add_company"}}, {"model": "auth.permission", "pk": 54, "fields": {"name": "Can change company", "content_type": 14, "codename": "change_company"}}, {"model": "auth.permission", "pk": 55, "fields": {"name": "Can delete company", "content_type": 14, "codename": "delete_company"}}, {"model": "auth.permission", "pk": 56, "fields": {"name": "Can view company", "content_type": 14, "codename": "view_company"}}, {"model": "auth.permission", "pk": 57, "fields": {"name": "Can add piece of work", "content_type": 15, "codename": "add_pieceofwork"}}, {"model": "auth.permission", "pk": 58, "fields": {"name": "Can change piece of work", "content_type": 15, "codename": "change_pieceofwork"}}, {"model": "auth.permission", "pk": 59, "fields": {"name": "Can delete piece of work", "content_type": 15, "codename": "delete_pieceofwork"}}, {"model": "auth.permission", "pk": 60, "fields": {"name": "Can view piece of work", "content_type": 15, "codename": "view_pieceofwork"}}, {"model": "auth.permission", "pk": 61, "fields": {"name": "Can add profil", "content_type": 16, "codename": "add_profil"}}, {"model": "auth.permission", "pk": 62, "fields": {"name": "Can change profil", "content_type": 16, "codename": "change_profil"}}, {"model": "auth.permission", "pk": 63, "fields": {"name": "Can delete profil", "content_type": 16, "codename": "delete_profil"}}, {"model": "auth.permission", "pk": 64, "fields": {"name": "Can view profil", "content_type": 16, "codename": "view_profil"}}, {"model": "auth.permission", "pk": 65, "fields": {"name": "Can add work", "content_type": 17, "codename": "add_work"}}, {"model": "auth.permission", "pk": 66, "fields": {"name": "Can change work", "content_type": 17, "codename": "change_work"}}, {"model": "auth.permission", "pk": 67, "fields": {"name": "Can delete work", "content_type": 17, "codename": "delete_work"}}, {"model": "auth.permission", "pk": 68, "fields": {"name": "Can view work", "content_type": 17, "codename": "view_work"}}, {"model": "auth.permission", "pk": 69, "fields": {"name": "Can add extra user", "content_type": 18, "codename": "add_extrauser"}}, {"model": "auth.permission", "pk": 70, "fields": {"name": "Can change extra user", "content_type": 18, "codename": "change_extrauser"}}, {"model": "auth.permission", "pk": 71, "fields": {"name": "Can delete extra user", "content_type": 18, "codename": "delete_extrauser"}}, {"model": "auth.permission", "pk": 72, "fields": {"name": "Can view extra user", "content_type": 18, "codename": "view_extrauser"}}, {"model": "auth.permission", "pk": 73, "fields": {"name": "Can add article", "content_type": 19, "codename": "add_article"}}, {"model": "auth.permission", "pk": 74, "fields": {"name": "Can change article", "content_type": 19, "codename": "change_article"}}, {"model": "auth.permission", "pk": 75, "fields": {"name": "Can delete article", "content_type": 19, "codename": "delete_article"}}, {"model": "auth.permission", "pk": 76, "fields": {"name": "Can view article", "content_type": 19, "codename": "view_article"}}, {"model": "auth.permission", "pk": 77, "fields": {"name": "Can add festival", "content_type": 20, "codename": "add_festival"}}, {"model": "auth.permission", "pk": 78, "fields": {"name": "Can change festival", "content_type": 20, "codename": "change_festival"}}, {"model": "auth.permission", "pk": 79, "fields": {"name": "Can delete festival", "content_type": 20, "codename": "delete_festival"}}, {"model": "auth.permission", "pk": 80, "fields": {"name": "Can view festival", "content_type": 20, "codename": "view_festival"}}, {"model": "auth.permission", "pk": 81, "fields": {"name": "Can add award", "content_type": 21, "codename": "add_award"}}, {"model": "auth.permission", "pk": 82, "fields": {"name": "Can change award", "content_type": 21, "codename": "change_award"}}, {"model": "auth.permission", "pk": 83, "fields": {"name": "Can delete award", "content_type": 21, "codename": "delete_award"}}, {"model": "auth.permission", "pk": 84, "fields": {"name": "Can view award", "content_type": 21, "codename": "view_award"}}, {"model": "auth.permission", "pk": 85, "fields": {"name": "Can add training", "content_type": 22, "codename": "add_training"}}, {"model": "auth.permission", "pk": 86, "fields": {"name": "Can change training", "content_type": 22, "codename": "change_training"}}, {"model": "auth.permission", "pk": 87, "fields": {"name": "Can delete training", "content_type": 22, "codename": "delete_training"}}, {"model": "auth.permission", "pk": 88, "fields": {"name": "Can view training", "content_type": 22, "codename": "view_training"}}, {"model": "auth.permission", "pk": 89, "fields": {"name": "Can add survey", "content_type": 23, "codename": "add_survey"}}, {"model": "auth.permission", "pk": 90, "fields": {"name": "Can change survey", "content_type": 23, "codename": "change_survey"}}, {"model": "auth.permission", "pk": 91, "fields": {"name": "Can delete survey", "content_type": 23, "codename": "delete_survey"}}, {"model": "auth.permission", "pk": 92, "fields": {"name": "Can view survey", "content_type": 23, "codename": "view_survey"}}, {"model": "auth.user", "pk": 1, "fields": {"password": "pbkdf2_sha256$320000$ZQEhVXiwPxVmqhlPSBGOom$D8fKtuqdkOdjc/awJUhpX6xc/M8npEJvbsiY4Nd8cdo=", "last_login": null, "is_superuser": false, "username": "hhoareau@gmail.com", "first_name": "Hervé", "last_name": "Hoareau", "email": "hhoareau@gmail.com", "is_staff": false, "is_active": true, "date_joined": "2022-12-13T09:17:06.199Z", "groups": [], "user_permissions": []}}, {"model": "contenttypes.contenttype", "pk": 1, "fields": {"app_label": "admin", "model": "logentry"}}, {"model": "contenttypes.contenttype", "pk": 2, "fields": {"app_label": "auth", "model": "permission"}}, {"model": "contenttypes.contenttype", "pk": 3, "fields": {"app_label": "auth", "model": "group"}}, {"model": "contenttypes.contenttype", "pk": 4, "fields": {"app_label": "auth", "model": "user"}}, {"model": "contenttypes.contenttype", "pk": 5, "fields": {"app_label": "oauth2_provider", "model": "application"}}, {"model": "contenttypes.contenttype", "pk": 6, "fields": {"app_label": "oauth2_provider", "model": "accesstoken"}}, {"model": "contenttypes.contenttype", "pk": 7, "fields": {"app_label": "oauth2_provider", "model": "grant"}}, {"model": "contenttypes.contenttype", "pk": 8, "fields": {"app_label": "oauth2_provider", "model": "refreshtoken"}}, {"model": "contenttypes.contenttype", "pk": 9, "fields": {"app_label": "oauth2_provider", "model": "idtoken"}}, {"model": "contenttypes.contenttype", "pk": 10, "fields": {"app_label": "contenttypes", "model": "contenttype"}}, {"model": "contenttypes.contenttype", "pk": 11, "fields": {"app_label": "sessions", "model": "session"}}, {"model": "contenttypes.contenttype", "pk": 12, "fields": {"app_label": "authtoken", "model": "token"}}, {"model": "contenttypes.contenttype", "pk": 13, "fields": {"app_label": "authtoken", "model": "tokenproxy"}}, {"model": "contenttypes.contenttype", "pk": 14, "fields": {"app_label": "alumni", "model": "company"}}, {"model": "contenttypes.contenttype", "pk": 15, "fields": {"app_label": "alumni", "model": "pieceofwork"}}, {"model": "contenttypes.contenttype", "pk": 16, "fields": {"app_label": "alumni", "model": "profil"}}, {"model": "contenttypes.contenttype", "pk": 17, "fields": {"app_label": "alumni", "model": "work"}}, {"model": "contenttypes.contenttype", "pk": 18, "fields": {"app_label": "alumni", "model": "extrauser"}}, {"model": "contenttypes.contenttype", "pk": 19, "fields": {"app_label": "alumni", "model": "article"}}, {"model": "contenttypes.contenttype", "pk": 20, "fields": {"app_label": "alumni", "model": "festival"}}, {"model": "contenttypes.contenttype", "pk": 21, "fields": {"app_label": "alumni", "model": "award"}}, {"model": "contenttypes.contenttype", "pk": 22, "fields": {"app_label": "alumni", "model": "training"}}, {"model": "contenttypes.contenttype", "pk": 23, "fields": {"app_label": "alumni", "model": "survey"}}, {"model": "authtoken.token", "pk": "b5353cdc6462827b981856d001573df699dbba42", "fields": {"user": 1, "created": "2022-12-13T09:17:06.527Z"}}, {"model": "alumni.profil", "pk": 1, "fields": {"gender": "M", "firstname": "Julien", "lastname": "Leloup", "name_index": "JULIENLELOUP", "public_photo": false, "birthdate": null, "mobile": "", "nationality": "Francaise", "department": "Montage", "department_category": "Montage", "job": "Monteur", "degree_year": 1998, "linkedin": "", "email": "julien.leloup@free.fr", "instagram": "", "telegram": null, "facebook": "", "twitter": null, "tiktok": "", "youtube": null, "vimeo": "", "school": "FEMIS", "unifrance": null, "imdb": null, "wikipedia": null, "allocine": null, "crm": null, "acceptSponsor": false, "sponsorBy": null, "photo": "/assets/img/boy.png", "cursus": "S", "address": "36 rue du Chateau d'Eau", "town": "Paris", "cp": "75010", "country": "nan", "website": "http://", "dtLastUpdate": "2022-12-13T14:42:06.511Z", "dtLastSearch": "2022-12-13T15:38:46.678Z", "dtLastNotif": "2021-01-01T00:00:00Z", "obsolescenceScore": 0, "biography": "", "links": [{"url": "https://www.google.com/search?q=Julien+Leloup", "text": "Google"}, {"url": "https://en.wikipedia.org/w/index.php?search=Julien+Leloup", "text": "Wikipedia"}, {"url": "https://www.allocine.fr/rechercher/?q=Julien+Leloup", "text": "Allocine"}, {"url": "https://twitter.com/search?q=Julien%20Leloup", "text": "Twitter"}, {"url": "https://www.unifrance.org/annuaires/personne/305270/julien-leloup", "desc": "", "text": "UniFrance", "update": 1670942327.199444}], "auto_updates": "0,0,0,0,0,0", "advices": null, "source": "FEMIS", "blockchain": ""}}, {"model": "alumni.profil", "pk": 2, "fields": {"gender": "M", "firstname": "Rafael", "lastname": "Lewandowski", "name_index": "RAFAELLEWANDOWSKI", "public_photo": false, "birthdate": "1969-10-22", "mobile": "", "nationality": "Francaise", "department": "Réalisation", "department_category": "Réalisation", "job": "Réalisateur", "degree_year": 1995, "linkedin": "", "email": "contact@raflewand.com", "instagram": "", "telegram": null, "facebook": "", "twitter": null, "tiktok": "", "youtube": null, "vimeo": "", "school": "FEMIS", "unifrance": null, "imdb": null, "wikipedia": null, "allocine": null, "crm": null, "acceptSponsor": false, "sponsorBy": null, "photo": "/assets/img/boy.png", "cursus": "S", "address": "ul. Sobolewska 16", "town": "Varsovie", "cp": "02-90", "country": "Pologne", "website": "http://", "dtLastUpdate": "2022-12-13T13:18:57.209Z", "dtLastSearch": "2021-01-01T00:00:00Z", "dtLastNotif": "2021-01-01T00:00:00Z", "obsolescenceScore": 0, "biography": "", "links": null, "auto_updates": "0,0,0,0,0,0", "advices": null, "source": "FEMIS", "blockchain": ""}}, {"model": "alumni.profil", "pk": 3, "fields": {"gender": "M", "firstname": "Charles", "lastname": "Autrand", "name_index": "CHARLESAUTRAND", "public_photo": false, "birthdate": null, "mobile": "", "nationality": "Francaise", "department": "Son", "department_category": "Son", "job": "Monteur paroles", "degree_year": 1995, "linkedin": "", "email": "charlesautrand@free.fr", "instagram": "", "telegram": null, "facebook": "", "twitter": null, "tiktok": "", "youtube": null, "vimeo": "", "school": "FEMIS", "unifrance": null, "imdb": null, "wikipedia": null, "allocine": null, "crm": null, "acceptSponsor": false, "sponsorBy": null, "photo": "/assets/img/boy.png", "cursus": "S", "address": "", "town": "", "cp": "", "country": "nan", "website": "http://", "dtLastUpdate": "2022-12-13T13:18:57.404Z", "dtLastSearch": "2021-01-01T00:00:00Z", "dtLastNotif": "2021-01-01T00:00:00Z", "obsolescenceScore": 0, "biography": "", "links": null, "auto_updates": "0,0,0,0,0,0", "advices": null, "source": "FEMIS", "blockchain": ""}}, {"model": "alumni.profil", "pk": 4, "fields": {"gender": "M", "firstname": "Francisco", "lastname": "Lopez Ballo", "name_index": "FRANCISCOLOPEZBALLO", "public_photo": false, "birthdate": null, "mobile": "+33 6 46 10 28 20", "nationality": "Francaise", "department": "Réalisation", "department_category": "Réalisation", "job": "Réalisateur-Scénariste- Producteur", "degree_year": 2002, "linkedin": "", "email": "juanballo@gmail.com", "instagram": "", "telegram": null, "facebook": "", "twitter": null, "tiktok": "", "youtube": null, "vimeo": "", "school": "FEMIS", "unifrance": null, "imdb": null, "wikipedia": null, "allocine": null, "crm": null, "acceptSponsor": false, "sponsorBy": null, "photo": "/assets/img/boy.png", "cursus": "S", "address": "7 rue du Mont Louis", "town": "Paris", "cp": "75011", "country": "France", "website": "http://", "dtLastUpdate": "2022-12-13T13:18:57.593Z", "dtLastSearch": "2021-01-01T00:00:00Z", "dtLastNotif": "2021-01-01T00:00:00Z", "obsolescenceScore": 0, "biography": "", "links": null, "auto_updates": "0,0,0,0,0,0", "advices": null, "source": "FEMIS", "blockchain": ""}}, {"model": "alumni.profil", "pk": 5, "fields": {"gender": "F", "firstname": "Julia", "lastname": "Ducournau", "name_index": "JULIADUCOURNAU", "public_photo": false, "birthdate": "1970-01-01", "mobile": "686108170", "nationality": "Francaise", "department": "Scénario", "department_category": "Scénario", "job": "scénariste - réalisatrice", "degree_year": 2008, "linkedin": "", "email": "julia.ducournau@gmail.com", "instagram": "", "telegram": null, "facebook": "", "twitter": null, "tiktok": "", "youtube": null, "vimeo": "", "school": "FEMIS", "unifrance": null, "imdb": null, "wikipedia": null, "allocine": null, "crm": null, "acceptSponsor": false, "sponsorBy": null, "photo": "https://medias.unifrance.org/medias/28/145/168220/format_page/julia-ducournau.jpg", "cursus": "S", "address": "", "town": "Paris", "cp": "", "country": "France", "website": "http://", "dtLastUpdate": "2022-12-13T16:21:55.160Z", "dtLastSearch": "2022-12-13T17:22:53.438Z", "dtLastNotif": "2021-01-01T00:00:00Z", "obsolescenceScore": 0, "biography": "", "links": [{"url": "https://www.google.com/search?q=Julia+Ducournau", "text": "Google"}, {"url": "https://en.wikipedia.org/w/index.php?search=Julia+Ducournau", "text": "Wikipedia"}, {"url": "https://www.allocine.fr/rechercher/?q=Julia+Ducournau", "text": "Allocine"}, {"url": "https://twitter.com/search?q=Julia%20Ducournau", "text": "Twitter"}, {"url": "https://imdb.com/name/nm4469445/", "desc": "", "text": "IMDB", "update": 1670949054.034893}, {"url": "https://www.unifrance.org/annuaires/personne/369413/julia-ducournau", "desc": "", "text": "UniFrance", "update": 1670949054.770888}], "auto_updates": "0,0,0,0,0,0", "advices": null, "source": "FEMIS", "blockchain": ""}}, {"model": "alumni.profil", "pk": 6, "fields": {"gender": "M", "firstname": "Hubert", "lastname": "Charuel", "name_index": "HUBERTCHARUEL", "public_photo": false, "birthdate": null, "mobile": "685840093", "nationality": "Francaise", "department": "Production", "department_category": "Production", "job": "", "degree_year": 2011, "linkedin": "", "email": "hubert.charuel@gmail.com", "instagram": "", "telegram": null, "facebook": "", "twitter": null, "tiktok": "", "youtube": null, "vimeo": "", "school": "FEMIS", "unifrance": null, "imdb": null, "wikipedia": null, "allocine": null, "crm": null, "acceptSponsor": false, "sponsorBy": null, "photo": "/assets/img/boy.png", "cursus": "S", "address": "5, Rue Ordener", "town": "PARIS", "cp": "75018", "country": "France", "website": "http://", "dtLastUpdate": "2022-12-13T14:42:13.309Z", "dtLastSearch": "2021-01-01T00:00:00Z", "dtLastNotif": "2021-01-01T00:00:00Z", "obsolescenceScore": 0, "biography": "", "links": null, "auto_updates": "0,0,0,0,0,0", "advices": null, "source": "FEMIS", "blockchain": ""}}, {"model": "alumni.profil", "pk": 7, "fields": {"gender": "M", "firstname": "Mike", "lastname": "Fromentin", "name_index": "MIKEFROMENTIN", "public_photo": false, "birthdate": null, "mobile": "175427779", "nationality": "Francaise", "department": "Montage", "department_category": "Montage", "job": "Chef monteur", "degree_year": 1997, "linkedin": "", "email": "mikefromentin@gmail.com", "instagram": "", "telegram": null, "facebook": "", "twitter": null, "tiktok": "", "youtube": null, "vimeo": "", "school": "FEMIS", "unifrance": null, "imdb": null, "wikipedia": null, "allocine": null, "crm": null, "acceptSponsor": false, "sponsorBy": null, "photo": "/assets/img/boy.png", "cursus": "S", "address": "100 AVENUE DU GENERAL MICHEL BIZOT", "town": "Paris", "cp": "75012", "country": "nan", "website": "http://", "dtLastUpdate": "2022-12-13T14:44:45.864Z", "dtLastSearch": "2021-01-01T00:00:00Z", "dtLastNotif": "2021-01-01T00:00:00Z", "obsolescenceScore": 0, "biography": "", "links": [{"url": "https://www.google.com/search?q=Mike+Fromentin", "text": "Google"}, {"url": "https://en.wikipedia.org/w/index.php?search=Mike+Fromentin", "text": "Wikipedia"}, {"url": "https://www.allocine.fr/rechercher/?q=Mike+Fromentin", "text": "Allocine"}, {"url": "https://twitter.com/search?q=Mike%20Fromentin", "text": "Twitter"}], "auto_updates": "0,0,0,0,0,0", "advices": null, "source": "FEMIS", "blockchain": ""}}, {"model": "alumni.extrauser", "pk": 1, "fields": {"user": 1, "perm": "r_photo r_cp r_firstname r_works r_linkedin w_firstname advanced_search r_promo export_stats r_imdb r_unifrance r_senscritique r_movie_synopsis r_movie_picture r_movie_links w_linkedin write_email r_address r_lastname admin_sort job_search r_crm publish validate nft_write r_department stats delete_profil delete_pow ask_friend edit_profil add_movies share ask_tutor", "profil_name": "admin", "black_list": "", "profil": null, "level": 0, "ask": null, "friends": null, "dtLogin": null, "nbLogin": 0, "dtCreate": "2022-12-13"}}, {"model": "alumni.work", "pk": 86, "fields": {"profil": 5, "pow": 82, "status": "", "state": "A", "creator": "auto", "public": true, "dtCreate": "2022-12-13", "job": "Réalisation", "duration": 0, "comment": "", "earning": null, "source": "auto", "validate": false, "score_salary": null, "score_school": null, "score_skill": null}}, {"model": "alumni.work", "pk": 87, "fields": {"profil": 5, "pow": 82, "status": "", "state": "A", "creator": "auto", "public": true, "dtCreate": "2022-12-13", "job": "Scénario", "duration": 0, "comment": "", "earning": null, "source": "auto", "validate": false, "score_salary": null, "score_school": null, "score_skill": null}}, {"model": "alumni.work", "pk": 90, "fields": {"profil": 5, "pow": 84, "status": "", "state": "A", "creator": "auto", "public": true, "dtCreate": "2022-12-13", "job": "Réalisation", "duration": 0, "comment": "", "earning": null, "source": "auto", "validate": false, "score_salary": null, "score_school": null, "score_skill": null}}, {"model": "alumni.work", "pk": 91, "fields": {"profil": 5, "pow": 84, "status": "", "state": "A", "creator": "auto", "public": true, "dtCreate": "2022-12-13", "job": "Scénario", "duration": 0, "comment": "", "earning": null, "source": "auto", "validate": false, "score_salary": null, "score_school": null, "score_skill": null}}, {"model": "alumni.work", "pk": 92, "fields": {"profil": 5, "pow": 85, "status": "", "state": "A", "creator": "auto", "public": true, "dtCreate": "2022-12-13", "job": "Réalisation", "duration": 0, "comment": "", "earning": null, "source": "auto", "validate": false, "score_salary": null, "score_school": null, "score_skill": null}}, {"model": "alumni.work", "pk": 93, "fields": {"profil": 5, "pow": 85, "status": "", "state": "A", "creator": "auto", "public": true, "dtCreate": "2022-12-13", "job": "Scénario", "duration": 0, "comment": "", "earning": null, "source": "auto", "validate": false, "score_salary": null, "score_school": null, "score_skill": null}}, {"model": "alumni.festival", "pk": 1, "fields": {"title": "Les César du Cinéma Français ", "country": null, "url": "", "dtCreate": "2022-12-13"}}, {"model": "alumni.festival", "pk": 2, "fields": {"title": "Festival International du Film Francophone de Namur ", "country": null, "url": "", "dtCreate": "2022-12-13"}}, {"model": "alumni.festival", "pk": 3, "fields": {"title": "Festival international du Film de San Sebastián ", "country": null, "url": "", "dtCreate": "2022-12-13"}}, {"model": "alumni.festival", "pk": 4, "fields": {"title": "Les Lumières ", "country": null, "url": "", "dtCreate": "2022-12-13"}}, {"model": "alumni.festival", "pk": 5, "fields": {"title": "Festival international du film de Cannes ", "country": null, "url": "", "dtCreate": "2022-12-13"}}, {"model": "alumni.festival", "pk": 6, "fields": {"title": "Festival international du court-métrage de Clermont-Ferrand ", "country": null, "url": "", "dtCreate": "2022-12-13"}}, {"model": "alumni.festival", "pk": 7, "fields": {"title": "Berlinale ", "country": null, "url": "", "dtCreate": "2022-12-13"}}, {"model": "alumni.festival", "pk": 8, "fields": {"title": "European Film Awards ", "country": null, "url": "", "dtCreate": "2022-12-13"}}, {"model": "alumni.festival", "pk": 9, "fields": {"title": "TIFF ", "country": null, "url": "", "dtCreate": "2022-12-13"}}, {"model": "alumni.festival", "pk": 10, "fields": {"title": "Prix Louis-Delluc ", "country": null, "url": "", "dtCreate": "2022-12-13"}}, {"model": "alumni.festival", "pk": 11, "fields": {"title": "Festival BFI du film de Londres ", "country": null, "url": "", "dtCreate": "2022-12-13"}}, {"model": "alumni.festival", "pk": 12, "fields": {"title": "Semaine de la Critique - Cannes ", "country": null, "url": "", "dtCreate": "2022-12-13"}}, {"model": "alumni.festival", "pk": 13, "fields": {"title": "Brussels Short Film Festival ", "country": null, "url": "", "dtCreate": "2022-12-13"}}, {"model": "alumni.festival", "pk": 14, "fields": {"title": "Festival international du court-métrage d'Oberhausen  ", "country": null, "url": "", "dtCreate": "2022-12-13"}}, {"model": "alumni.festival", "pk": 15, "fields": {"title": "Bafta awards", "country": null, "url": "", "dtCreate": "2022-12-13"}}, {"model": "alumni.festival", "pk": 16, "fields": {"title": "Alliance of women film journalists", "country": null, "url": "", "dtCreate": "2022-12-13"}}, {"model": "alumni.festival", "pk": 17, "fields": {"title": "Austin fantastic fest", "country": null, "url": "", "dtCreate": "2022-12-13"}}, {"model": "alumni.festival", "pk": 18, "fields": {"title": "Bodil awards", "country": null, "url": "", "dtCreate": "2022-12-13"}}, {"model": "alumni.festival", "pk": 19, "fields": {"title": "Camerimage", "country": null, "url": "", "dtCreate": "2022-12-13"}}, {"model": "alumni.festival", "pk": 20, "fields": {"title": "Cannes film festival", "country": null, "url": "", "dtCreate": "2022-12-13"}}, {"model": "alumni.festival", "pk": 21, "fields": {"title": "Chicago film critics association awards", "country": null, "url": "", "dtCreate": "2022-12-13"}}, {"model": "alumni.festival", "pk": 22, "fields": {"title": "Columbus film critics association", "country": null, "url": "", "dtCreate": "2022-12-13"}}, {"model": "alumni.festival", "pk": 23, "fields": {"title": "Cph pix", "country": null, "url": "", "dtCreate": "2022-12-13"}}, {"model": "alumni.festival", "pk": 24, "fields": {"title": "César awards", "country": null, "url": "", "dtCreate": "2022-12-13"}}, {"model": "alumni.festival", "pk": 25, "fields": {"title": "Discussingfilm critics awards", "country": null, "url": "", "dtCreate": "2022-12-13"}}, {"model": "alumni.festival", "pk": 26, "fields": {"title": "Dublin film critics circle awards", "country": null, "url": "", "dtCreate": "2022-12-13"}}, {"model": "alumni.festival", "pk": 27, "fields": {"title": "European film awards", "country": null, "url": "", "dtCreate": "2022-12-13"}}, {"model": "alumni.festival", "pk": 28, "fields": {"title": "Fangoria chainsaw awards", "country": null, "url": "", "dtCreate": "2022-12-13"}}, {"model": "alumni.festival", "pk": 29, "fields": {"title": "Faro island film festival", "country": null, "url": "", "dtCreate": "2022-12-13"}}, {"model": "alumni.festival", "pk": 30, "fields": {"title": "Film by the sea international film festival", "country": null, "url": "", "dtCreate": "2022-12-13"}}, {"model": "alumni.festival", "pk": 31, "fields": {"title": "French syndicate of cinema critics", "country": null, "url": "", "dtCreate": "2022-12-13"}}, {"model": "alumni.festival", "pk": 32, "fields": {"title": "Galeca the society of lgbtq entertainment critics", "country": null, "url": "", "dtCreate": "2022-12-13"}}, {"model": "alumni.festival", "pk": 33, "fields": {"title": "Gaudí awards", "country": null, "url": "", "dtCreate": "2022-12-13"}}, {"model": "alumni.festival", "pk": 34, "fields": {"title": "Georgia film critics association gafca", "country": null, "url": "", "dtCreate": "2022-12-13"}}, {"model": "alumni.festival", "pk": 35, "fields": {"title": "Ghent international film festival", "country": null, "url": "", "dtCreate": "2022-12-13"}}, {"model": "alumni.festival", "pk": 36, "fields": {"title": "Gold derby awards", "country": null, "url": "", "dtCreate": "2022-12-13"}}, {"model": "alumni.festival", "pk": 37, "fields": {"title": "Gotham awards", "country": null, "url": "", "dtCreate": "2022-12-13"}}, {"model": "alumni.festival", "pk": 38, "fields": {"title": "Greater western new york film critics association awards", "country": null, "url": "", "dtCreate": "2022-12-13"}}, {"model": "alumni.festival", "pk": 39, "fields": {"title": "Hardline film festival", "country": null, "url": "", "dtCreate": "2022-12-13"}}, {"model": "alumni.festival", "pk": 40, "fields": {"title": "International online cinema awards inoca", "country": null, "url": "", "dtCreate": "2022-12-13"}}, {"model": "alumni.festival", "pk": 41, "fields": {"title": "Jerusalem film festival", "country": null, "url": "", "dtCreate": "2022-12-13"}}, {"model": "alumni.festival", "pk": 42, "fields": {"title": "London film festival", "country": null, "url": "", "dtCreate": "2022-12-13"}}, {"model": "alumni.festival", "pk": 43, "fields": {"title": "Lumiere awards", "country": null, "url": "", "dtCreate": "2022-12-13"}}, {"model": "alumni.festival", "pk": 44, "fields": {"title": "Magritte awards", "country": null, "url": "", "dtCreate": "2022-12-13"}}, {"model": "alumni.festival", "pk": 45, "fields": {"title": "Monster fest", "country": null, "url": "", "dtCreate": "2022-12-13"}}, {"model": "alumni.festival", "pk": 46, "fields": {"title": "Neuchâtel international fantastic film festival", "country": null, "url": "", "dtCreate": "2022-12-13"}}, {"model": "alumni.festival", "pk": 47, "fields": {"title": "North dakota film society", "country": null, "url": "", "dtCreate": "2022-12-13"}}, {"model": "alumni.festival", "pk": 48, "fields": {"title": "Online association of female film critics", "country": null, "url": "", "dtCreate": "2022-12-13"}}, {"model": "alumni.festival", "pk": 49, "fields": {"title": "Online film & television association", "country": null, "url": "", "dtCreate": "2022-12-13"}}, {"model": "alumni.festival", "pk": 50, "fields": {"title": "Palm springs international film festival", "country": null, "url": "", "dtCreate": "2022-12-13"}}, {"model": "alumni.festival", "pk": 51, "fields": {"title": "Polish film awards", "country": null, "url": "", "dtCreate": "2022-12-13"}}, {"model": "alumni.festival", "pk": 52, "fields": {"title": "Prix louis delluc", "country": null, "url": "", "dtCreate": "2022-12-13"}}, {"model": "alumni.festival", "pk": 53, "fields": {"title": "San sebastián international film festival", "country": null, "url": "", "dtCreate": "2022-12-13"}}, {"model": "alumni.festival", "pk": 54, "fields": {"title": "Seattle film critics society", "country": null, "url": "", "dtCreate": "2022-12-13"}}, {"model": "alumni.festival", "pk": 55, "fields": {"title": "Sitges - catalonian international film festival", "country": null, "url": "", "dtCreate": "2022-12-13"}}, {"model": "alumni.festival", "pk": 56, "fields": {"title": "Strasbourg european fantastic film festival", "country": null, "url": "", "dtCreate": "2022-12-13"}}, {"model": "alumni.festival", "pk": 57, "fields": {"title": "Toronto international film festival", "country": null, "url": "", "dtCreate": "2022-12-13"}}, {"model": "alumni.festival", "pk": 58, "fields": {"title": "Village voice film poll", "country": null, "url": "", "dtCreate": "2022-12-13"}}, {"model": "alumni.festival", "pk": 59, "fields": {"title": "Women film critics circle awards", "country": null, "url": "", "dtCreate": "2022-12-13"}}, {"model": "alumni.festival", "pk": 60, "fields": {"title": "Yoga awards", "country": null, "url": "", "dtCreate": "2022-12-13"}}, {"model": "alumni.pieceofwork", "pk": 82, "fields": {"dtLastSearch": "2022-12-13T17:35:50.656Z", "visual": "https://medias.unifrance.org/medias/49/153/170289/format_web/grave.jpg", "dtStart": "2022-12-13", "dtEnd": "2022-12-13", "title": "Grave", "title_index": "GRAVE", "year": "2016", "nature": "Long-métrage", "dtCreate": "2022-12-13", "reference": "", "budget": 0, "production": "", "links": [{"url": "https://www.unifrance.org/film/41474/grave", "desc": "", "text": "auto:unifrance", "update": 1670949350.618123}, {"url": "https://www.unifrance.org/film/41474/grave", "desc": "", "text": "auto:unifrance", "update": 1670948581.289039}], "owner": "public", "description": "Dans la famille de Justine tout le monde est vétérinaire et végétarien. À 16 ans, elle est une adolescente surdouée sur le point  d’intégrer l’école véto où sa sœur ainée est également élève. Mais, à peine installés, le bizutage commence pour  les premières années. On force Justine à manger de la viande crue. C’est la première fois de sa vie.Les conséquences ne se font pas attendre. Justine découvre sa vraie nature.", "files": null, "category": "Fiction", "lang": null, "apiVideoId": "", "distributer": "", "minutes": null, "copies": null, "visa": "134214", "financal_partner": null, "first_week_entrances": null, "prizes": null}}, {"model": "alumni.pieceofwork", "pk": 84, "fields": {"dtLastSearch": "2022-12-13T17:31:35.829Z", "visual": "https://m.media-amazon.com/images/M/MV5BNGJlMTVlYWQtYmM5OC00MDgwLTk3NzAtMGViY2VjOGU0YjlkXkEyXkFqcGdeQXVyMTkxNjUyNQ@@._V1_QL75_UY281_CR8,0,190,281_.jpg", "dtStart": "2022-12-13", "dtEnd": "2022-12-13", "title": "Titane", "title_index": "TITANE", "year": "2021", "nature": "Film", "dtCreate": "2022-12-13", "reference": "", "budget": 0, "production": "Production companies,Kazak Productions,Frakas Productions,Arte France Cinéma", "links": [{"url": "https://www.unifrance.org/film/51802/titane", "desc": "", "text": "auto:unifrance", "update": 1670949095.79239}, {"url": "https://www.imdb.com/title/tt10944760/", "desc": "", "text": "auto:IMDB", "update": 1670949055.79413}], "owner": "public", "description": "Following a series of unexplained crimes, a father is reunited with the son who has been missing for 10 years.Following a series of unexplained crimes, a father is reunited with the son who has been missing for 10 years.Following a series of unexplained crimes, a father is reunited with the son who has been missing for 10 years.", "files": null, "category": "Dramahorrorsci-fi", "lang": "Français", "apiVideoId": "", "distributer": "", "minutes": null, "copies": null, "visa": "148345", "financal_partner": null, "first_week_entrances": null, "prizes": null}}, {"model": "alumni.pieceofwork", "pk": 85, "fields": {"dtLastSearch": "2022-12-13T16:35:56.444Z", "visual": "https://medias.unifrance.org/medias/128/223/57216/format_page/media.jpg", "dtStart": "2022-12-13", "dtEnd": "2022-12-13", "title": "Junior", "title_index": "JUNIOR", "year": "2011", "nature": "Court-métrage", "dtCreate": "2022-12-13", "reference": "", "budget": 0, "production": "", "links": [{"url": "https://www.unifrance.org/film/32736/junior", "desc": "", "text": "auto:unifrance", "update": 1670949356.406518}], "owner": "public", "description": "Justine, dite Junior, treize ans, des boutons et un sens de l'humour bien à elle, est un garçon manqué un brin misogyne. Alors qu'on lui a diagnostiqué une gastroentérite fulgurante, le corps de Junior devient le théâtre d'une métamorphose étrange.", "files": null, "category": "Fiction", "lang": null, "apiVideoId": "", "distributer": "", "minutes": null, "copies": null, "visa": "128968", "financal_partner": null, "first_week_entrances": null, "prizes": null}}, {"model": "alumni.award", "pk": 130, "fields": {"winner": true, "festival": 10, "profil": null, "pow": 82, "description": "Prix Louis-Delluc du Premier Film", "year": 2017, "dtCreate": "2022-12-13", "source": "https://www.unifrance.org/film/41474/grave", "state": "A"}}, {"model": "alumni.award", "pk": 131, "fields": {"winner": true, "festival": 11, "profil": null, "pow": 82, "description": "Sutherland Award - meilleur 1er film", "year": 2016, "dtCreate": "2022-12-13", "source": "https://www.unifrance.org/film/41474/grave", "state": "A"}}, {"model": "alumni.award", "pk": 132, "fields": {"winner": true, "festival": 12, "profil": null, "pow": 82, "description": "Prix FIPRESCI/Semaine de la Critique", "year": 2016, "dtCreate": "2022-12-13", "source": "https://www.unifrance.org/film/41474/grave", "state": "A"}}, {"model": "alumni.award", "pk": 137, "fields": {"winner": false, "festival": 17, "profil": 5, "pow": 82, "description": "Next Wave Features", "year": 2016, "dtCreate": "2022-12-13", "source": "https://imdb.com/name/nm4469445//awards", "state": "A"}}, {"model": "alumni.award", "pk": 141, "fields": {"winner": false, "festival": 20, "profil": 5, "pow": 82, "description": "Directors' Fortnight or Critics' Week", "year": 2016, "dtCreate": "2022-12-13", "source": "https://imdb.com/name/nm4469445//awards", "state": "A"}}, {"model": "alumni.award", "pk": 143, "fields": {"winner": false, "festival": 21, "profil": 5, "pow": 82, "description": "Most Promising Filmmaker", "year": 2017, "dtCreate": "2022-12-13", "source": "https://imdb.com/name/nm4469445//awards", "state": "A"}}, {"model": "alumni.award", "pk": 145, "fields": {"winner": false, "festival": 23, "profil": 5, "pow": 82, "description": "Grave (2016)", "year": 2016, "dtCreate": "2022-12-13", "source": "https://imdb.com/name/nm4469445//awards", "state": "A"}}, {"model": "alumni.award", "pk": 147, "fields": {"winner": false, "festival": 24, "profil": 5, "pow": 82, "description": "Best Original Screenplay (Meilleur scénario original)", "year": 2018, "dtCreate": "2022-12-13", "source": "https://imdb.com/name/nm4469445//awards", "state": "A"}}, {"model": "alumni.award", "pk": 148, "fields": {"winner": false, "festival": 26, "profil": 5, "pow": 82, "description": "Best Director", "year": 2017, "dtCreate": "2022-12-13", "source": "https://imdb.com/name/nm4469445//awards", "state": "A"}}, {"model": "alumni.award", "pk": 150, "fields": {"winner": false, "festival": 29, "profil": 5, "pow": 82, "description": "Best Film", "year": 2016, "dtCreate": "2022-12-13", "source": "https://imdb.com/name/nm4469445//awards", "state": "A"}}, {"model": "alumni.award", "pk": 152, "fields": {"winner": false, "festival": 31, "profil": 5, "pow": 82, "description": "Best First Film", "year": 2018, "dtCreate": "2022-12-13", "source": "https://imdb.com/name/nm4469445//awards", "state": "A"}}, {"model": "alumni.award", "pk": 158, "fields": {"winner": false, "festival": 39, "profil": 5, "pow": 82, "description": "Best Film", "year": 2017, "dtCreate": "2022-12-13", "source": "https://imdb.com/name/nm4469445//awards", "state": "A"}}, {"model": "alumni.award", "pk": 160, "fields": {"winner": false, "festival": 40, "profil": 5, "pow": 82, "description": "Best Non-English Language Film", "year": 2018, "dtCreate": "2022-12-13", "source": "https://imdb.com/name/nm4469445//awards", "state": "A"}}, {"model": "alumni.award", "pk": 161, "fields": {"winner": false, "festival": 40, "profil": 5, "pow": 82, "description": "Best Non-English Language Film", "year": 2017, "dtCreate": "2022-12-13", "source": "https://imdb.com/name/nm4469445//awards", "state": "A"}}, {"model": "alumni.award", "pk": 163, "fields": {"winner": false, "festival": 42, "profil": 5, "pow": 82, "description": "First Feature Competition", "year": 2016, "dtCreate": "2022-12-13", "source": "https://imdb.com/name/nm4469445//awards", "state": "A"}}, {"model": "alumni.award", "pk": 164, "fields": {"winner": false, "festival": 43, "profil": 5, "pow": 82, "description": "Best First Film (Meilleur premier film)", "year": 2018, "dtCreate": "2022-12-13", "source": "https://imdb.com/name/nm4469445//awards", "state": "A"}}, {"model": "alumni.award", "pk": 166, "fields": {"winner": false, "festival": 44, "profil": 5, "pow": 82, "description": "Best Foreign Film in Co-Production (Meilleur film étranger en coproduction)", "year": 2018, "dtCreate": "2022-12-13", "source": "https://imdb.com/name/nm4469445//awards", "state": "A"}}, {"model": "alumni.award", "pk": 167, "fields": {"winner": false, "festival": 46, "profil": 5, "pow": 82, "description": "Best European Fantastic Feature Film", "year": 2016, "dtCreate": "2022-12-13", "source": "https://imdb.com/name/nm4469445//awards", "state": "A"}}, {"model": "alumni.award", "pk": 170, "fields": {"winner": false, "festival": 50, "profil": 5, "pow": 82, "description": "Grave (2016)", "year": 2017, "dtCreate": "2022-12-13", "source": "https://imdb.com/name/nm4469445//awards", "state": "A"}}, {"model": "alumni.award", "pk": 172, "fields": {"winner": false, "festival": 52, "profil": 5, "pow": 82, "description": "Best First Film", "year": 2017, "dtCreate": "2022-12-13", "source": "https://imdb.com/name/nm4469445//awards", "state": "A"}}, {"model": "alumni.award", "pk": 173, "fields": {"winner": false, "festival": 54, "profil": 5, "pow": 82, "description": "Best Foreign Language Film", "year": 2017, "dtCreate": "2022-12-13", "source": "https://imdb.com/name/nm4469445//awards", "state": "A"}}, {"model": "alumni.award", "pk": 174, "fields": {"winner": false, "festival": 56, "profil": 5, "pow": 82, "description": "Best International Feature Film", "year": 2016, "dtCreate": "2022-12-13", "source": "https://imdb.com/name/nm4469445//awards", "state": "A"}}, {"model": "alumni.award", "pk": 176, "fields": {"winner": false, "festival": 57, "profil": 5, "pow": 82, "description": "Midnight Madness", "year": 2016, "dtCreate": "2022-12-13", "source": "https://imdb.com/name/nm4469445//awards", "state": "A"}}, {"model": "alumni.award", "pk": 177, "fields": {"winner": false, "festival": 58, "profil": 5, "pow": 82, "description": "Best First Feature", "year": 2017, "dtCreate": "2022-12-13", "source": "https://imdb.com/name/nm4469445//awards", "state": "A"}}, {"model": "alumni.award", "pk": 179, "fields": {"winner": true, "festival": 8, "profil": null, "pow": 84, "description": "Prix du Meilleur Maquillage et de la Meilleure Coiffure", "year": 2021, "dtCreate": "2022-12-13", "source": "https://www.unifrance.org/film/51802/titane", "state": "A"}}, {"model": "alumni.award", "pk": 180, "fields": {"winner": true, "festival": 9, "profil": null, "pow": 84, "description": "People’s Choice Midnight Madness Award", "year": 2021, "dtCreate": "2022-12-13", "source": "https://www.unifrance.org/film/51802/titane", "state": "A"}}, {"model": "alumni.award", "pk": 181, "fields": {"winner": true, "festival": 5, "profil": null, "pow": 84, "description": "Palme d’or", "year": 2021, "dtCreate": "2022-12-13", "source": "https://www.unifrance.org/film/51802/titane", "state": "A"}}, {"model": "alumni.award", "pk": 182, "fields": {"winner": true, "festival": 13, "profil": null, "pow": 85, "description": "Mention spéciale du jury compétition internationale", "year": 2012, "dtCreate": "2022-12-13", "source": "https://www.unifrance.org/film/32736/junior", "state": "A"}}, {"model": "alumni.award", "pk": 183, "fields": {"winner": true, "festival": 14, "profil": null, "pow": 85, "description": "Prix du jury jeune", "year": 2012, "dtCreate": "2022-12-13", "source": "https://www.unifrance.org/film/32736/junior", "state": "A"}}, {"model": "alumni.award", "pk": 184, "fields": {"winner": false, "festival": 15, "profil": 5, "pow": 84, "description": "Best Director", "year": 2022, "dtCreate": "2022-12-13", "source": "https://imdb.com/name/nm4469445//awards", "state": "A"}}, {"model": "alumni.award", "pk": 185, "fields": {"winner": false, "festival": 16, "profil": 5, "pow": 84, "description": "Best Woman Director", "year": 2022, "dtCreate": "2022-12-13", "source": "https://imdb.com/name/nm4469445//awards", "state": "A"}}, {"model": "alumni.award", "pk": 186, "fields": {"winner": false, "festival": 18, "profil": 5, "pow": 84, "description": "Best Non-American Film (Bedste ikke-amerikanske film)", "year": 2022, "dtCreate": "2022-12-13", "source": "https://imdb.com/name/nm4469445//awards", "state": "A"}}, {"model": "alumni.award", "pk": 187, "fields": {"winner": false, "festival": 19, "profil": 5, "pow": 84, "description": "Directors' Debuts Competition", "year": 2021, "dtCreate": "2022-12-13", "source": "https://imdb.com/name/nm4469445//awards", "state": "A"}}, {"model": "alumni.award", "pk": 188, "fields": {"winner": false, "festival": 20, "profil": 5, "pow": 84, "description": "Titane (2021)", "year": 2021, "dtCreate": "2022-12-13", "source": "https://imdb.com/name/nm4469445//awards", "state": "A"}}, {"model": "alumni.award", "pk": 189, "fields": {"winner": false, "festival": 20, "profil": 5, "pow": 85, "description": "Junior (2011)", "year": 2011, "dtCreate": "2022-12-13", "source": "https://imdb.com/name/nm4469445//awards", "state": "A"}}, {"model": "alumni.award", "pk": 190, "fields": {"winner": false, "festival": 22, "profil": 5, "pow": 84, "description": "Best Original Screenplay", "year": 2022, "dtCreate": "2022-12-13", "source": "https://imdb.com/name/nm4469445//awards", "state": "A"}}, {"model": "alumni.award", "pk": 191, "fields": {"winner": false, "festival": 24, "profil": 5, "pow": 84, "description": "Best Director (Meilleure réalisation)", "year": 2022, "dtCreate": "2022-12-13", "source": "https://imdb.com/name/nm4469445//awards", "state": "A"}}, {"model": "alumni.award", "pk": 192, "fields": {"winner": false, "festival": 27, "profil": 5, "pow": 84, "description": "European Film", "year": 2021, "dtCreate": "2022-12-13", "source": "https://imdb.com/name/nm4469445//awards", "state": "A"}}, {"model": "alumni.award", "pk": 193, "fields": {"winner": false, "festival": 30, "profil": 5, "pow": 84, "description": "Best Film", "year": 2021, "dtCreate": "2022-12-13", "source": "https://imdb.com/name/nm4469445//awards", "state": "A"}}, {"model": "alumni.award", "pk": 194, "fields": {"winner": false, "festival": 32, "profil": 5, "pow": 84, "description": "Director of the Year", "year": 2022, "dtCreate": "2022-12-13", "source": "https://imdb.com/name/nm4469445//awards", "state": "A"}}, {"model": "alumni.award", "pk": 195, "fields": {"winner": false, "festival": 33, "profil": 5, "pow": 84, "description": "Best European Film (Millor Pel·lícula Europea)", "year": 2022, "dtCreate": "2022-12-13", "source": "https://imdb.com/name/nm4469445//awards", "state": "A"}}, {"model": "alumni.award", "pk": 196, "fields": {"winner": false, "festival": 36, "profil": 5, "pow": 84, "description": "Director", "year": 2022, "dtCreate": "2022-12-13", "source": "https://imdb.com/name/nm4469445//awards", "state": "A"}}, {"model": "alumni.award", "pk": 197, "fields": {"winner": false, "festival": 37, "profil": 5, "pow": 84, "description": "Best International Feature", "year": 2021, "dtCreate": "2022-12-13", "source": "https://imdb.com/name/nm4469445//awards", "state": "A"}}, {"model": "alumni.award", "pk": 198, "fields": {"winner": false, "festival": 38, "profil": 5, "pow": 84, "description": "Best Original Screenplay", "year": 2021, "dtCreate": "2022-12-13", "source": "https://imdb.com/name/nm4469445//awards", "state": "A"}}, {"model": "alumni.award", "pk": 199, "fields": {"winner": false, "festival": 40, "profil": 5, "pow": 84, "description": "Best Non-English Language Film", "year": 2022, "dtCreate": "2022-12-13", "source": "https://imdb.com/name/nm4469445//awards", "state": "A"}}, {"model": "alumni.award", "pk": 200, "fields": {"winner": false, "festival": 41, "profil": 5, "pow": 84, "description": "The Nechama Rivilin Award for Best International Film", "year": 2021, "dtCreate": "2022-12-13", "source": "https://imdb.com/name/nm4469445//awards", "state": "A"}}, {"model": "alumni.award", "pk": 201, "fields": {"winner": false, "festival": 44, "profil": 5, "pow": 84, "description": "Best Foreign Film in Co-Production (Meilleur film étranger en coproduction)", "year": 2022, "dtCreate": "2022-12-13", "source": "https://imdb.com/name/nm4469445//awards", "state": "A"}}, {"model": "alumni.award", "pk": 202, "fields": {"winner": false, "festival": 47, "profil": 5, "pow": 84, "description": "Best International Feature", "year": 2022, "dtCreate": "2022-12-13", "source": "https://imdb.com/name/nm4469445//awards", "state": "A"}}, {"model": "alumni.award", "pk": 203, "fields": {"winner": false, "festival": 50, "profil": 5, "pow": 84, "description": "Best Foreign Language Film", "year": 2022, "dtCreate": "2022-12-13", "source": "https://imdb.com/name/nm4469445//awards", "state": "A"}}, {"model": "alumni.award", "pk": 204, "fields": {"winner": false, "festival": 51, "profil": 5, "pow": 84, "description": "Best European Film (Najlepszy Film Europejski)", "year": 2022, "dtCreate": "2022-12-13", "source": "https://imdb.com/name/nm4469445//awards", "state": "A"}}]